<?xml version="1.0" encoding="UTF-8"?><?xml-stylesheet type='text/xsl' href='_UpgradeReport_Files/UpgradeReport.xslt'?><UpgradeLog>
<Properties><Property Name="Solution" Value="Car_Parking">
</Property><Property Name="Solution File" Value="G:\Programming\C#\My\Car_Parking(txt file)\Car_Parking.sln">
</Property><Property Name="Date" Value="2009/07/20">
</Property><Property Name="Time" Value="11:13 ق.ظ">
</Property></Properties><Event ErrorLevel="0" Project="Car_Parking" Source="Car_Parking\Car_Parking.csproj" Description="Project converted successfully">
</Event><Event ErrorLevel="3" Project="Car_Parking" Source="Car_Parking\Car_Parking.csproj" Description="Converted">
</Event><Event ErrorLevel="0" Project="" Source="Car_Parking.sln" Description="Solution converted successfully">
</Event><Event ErrorLevel="3" Project="" Source="Car_Parking.sln" Description="Converted">
</Event><Event ErrorLevel="0" Project="Car_Parking" Source="Car_Parking\Car_Parking.csproj" Description="Scan complete: Upgrade not required for project files.">
</Event></UpgradeLog>